# facebook_video_id	slug	poster_second
1060311019811440	happy-new-week	3
1072067835410568	letter-e	3
1087570360423146	culture-dance	3
1217639467210481	letter-b	3
1267535205509181	octopus-three-hearts	3
1353515120198803	letter-j-jellyfish	5
1366402062324065	making-learning-fun	3
1585551626391539	letter-l	3
1612708723555235	lost-favorite-toy	3
1624035675947340	open-field-magic	3
1632344435117554	alphabet-trailer	3
1721253062420004	letter-k	3
1726849708581767	children-worship	3
1727859791876608	letter-i	3
1730364624851244	letter-j-jump	3
1788192989198071	letter-h	3
2083813452224018	letter-d	3
2143808982842370	letter-a	3
2144776299583302	hidden-chameleon	3
2419938085165704	letter-f	3
28109637865330487	tomorrow-we-learn	3
3120041344854420	sunday-smiles	3
3291862997671588	bible-verse	3
921829257650931	letter-c	3
932023453294914	happy-sunday	3
